100@41,24@0,755778@76,86@25,1985
101@41,44@1,12716@77,12@25,1297
102@41,34@1,03479@78,96@26,3596
103@41,5@1,27142@78,1@25,5321
104@41,88@1,36325@80,86@27,0621
105@42,66@1,50308@79,4@25,3975
106@42,52@1,44875@80,3@25,9878
107@42,42@0,996161@79,46@25,3396
108@44,28@0,892769@81,04@25,0279
109@44,64@1,64657@80,16@24,1135
110@45,58@1,57301@84,06@25,9909
111@45,58@1,32943@83,66@25,5922
112@46,5@1,09585@84,96@25,7205
113@48,52@1,37126@85,92@24,9159
114@48,14@0,936679@86,96@25,7262
115@48,52@1,35928@86,54@25,1065
116@48,38@1,15885@88,06@26,077
117@48,66@1,01787@88,44@26,0249
118@49,34@1,0862@88,2@25,319
119@51,66@4,15581@90,9@25,7728
120@52,46@1,10461@92,38@25,7919
121@52,62@1,41357@93,96@26,6119
122@53,34@1,7207@93,92@26,0356
124@53,38@1,4306@98,52@28,6996
125@53,72@1,88484@97,86@27,9801
126@55,04@1,79488@98,5@27,436
127@57,1@1,2502@97,96@25,6683
128@57,84@1,63631@99,54@26,1138
129@58,36@1,66477@99,18@25,4679
131@58,76@2,00975@102,04@26,8139
132@58,46@1,32694@101,7@26,6454
133@58,84@1,35091@102,14@26,5833
134@60,8@1,38758@104,22@26,5593
136@62,42@1,45061@103,78@25,1201
137@62,5@1,06195@105,72@26,1317
138@63,32@2,63873@108,04@27,0473
139@63,92@2,26274@109,1@27,1915
141@63,86@1,54374@109,9@27,4598
142@63,9@1,12744@109,54@27,1058
143@65,02@2,75704@111,38@27,5515
145@66,08@2,33072@112,86@27,5689
146@68,44@1,05441@112,56@25,8408
147@68,32@1,40185@112,74@25,9442
149@69,1@1,97722@113,02@25,5189
150@69,28@1,21128@113,78@25,7206
151@69,44@1,29267@112,74@24,9499
153@71,4@4,54175@113,48@24,4805
154@70,36@1,29314@114,82@25,3664
156@72,22@1,92916@122,04@28,2709
157@73,92@1,89481@122,04@27,2217
159@75,74@1,33086@123,68@26,9163
160@76,16@1,28627@122,46@25,9144
162@76,98@1,77253@123,48@25,8941
163@76,84@1,18456@125,96@27,2308
165@77,58@2,23224@124,74@26,0565
166@77,52@1,39811@126,6@26,9724
168@79,22@2,06527@127,3@26,311
169@80,94@3,12919@127,6@25,5719
171@84,24@1,21183@129,76@24,6442
172@84,82@2,14501@129,06@23,9489
174@86,12@2,04445@140,48@29,2116
175@85,92@1,83253@139,7@28,805
177@87,2@2,63612@141,92@29,2026
179@87,4@2,15852@141,78@28,8217
180@89,96@2,63304@142,38@27,753
182@93,86@1,68056@146,64@27,7152
184@95,06@4,76788@145,24@26,5891
185@95,54@2,33472@146,42@26,5541
187@95,6@1,32035@150,58@28,4601
189@97,04@2,04696@148,98@26,7934
191@100,72@2,76296@159,7@30,303
192@104,02@6,14282@160,32@29,3798
194@105,46@1,52373@160,78@28,1258
196@106,58@1,4431@166,12@30,1068
198@106,72@1,63002@164,42@29,0411
200@107,92@1,82713@165,9@29,0475
202@109,22@2,71463@168,38@29,5581
203@109,36@2,73593@166,68@28,5787
205@110,2@3,38865@168,46@28,9714
207@110,88@2,0398@170,3@29,2745
209@117,82@1,82143@171,14@26,1432
211@120,2@2,3568@173,66@26,1304
213@120,2@1,99295@184,54@31,2365
215@121,72@2,47788@185,12@30,6744
217@121,9@2,00518@186,42@31,0354
219@122,6@4,07577@189,1@32,0353
221@124,18@3,86151@189,64@31,3747
223@128,76@3,06954@191,96@30,0831
225@133,3@2,63017@194,92@29,1668
227@135,34@2,13139@193,26@27,2666
229@137,66@2,6077@195,46@27,1338
231@139,42@7,49551@198,18@28,3466
234@138,74@1,83231@199,38@28,0907
236@142,08@3,00683@216,84@34,5422
238@146,02@7,832@220,36@34,9622
240@147,26@3,43731@221,5@34,0597
242@155,28@1,84086@224,72@31,6173
245@155,88@1,76506@227,5@32,4027
247@157@2,27288@226@31,1277
249@157,78@2,32031@227,36@31,2658
251@158,82@2,55722@229,5@31,6495
254@160,1@2,55529@229,1@30,7203
256@161,98@2,5943@231,84@30,9829
258@162,76@2,14686@235,5@32,0939
261@163,96@3,70767@235,68@31,6092
263@166,04@3,53146@240,56@32,6836
266@180,06@2,77937@255,52@32,8339
268@180,72@2,68639@256,1@32,6698
271@183,26@2,56691@262,08@33,9533
273@183,54@2,53937@264@34,5272
276@184,74@2,62072@266,68@34,9743
278@185,88@2,49696@266,22@34,1631
281@190,04@2,85841@270,96@34,2535
283@191,04@3,63431@277,22@36,406
286@190,82@2,47037@274,42@35,0421
289@210,04@2,3322@278,34@28,5046
291@211,22@2,46667@279,04@28,2203
294@214,6@3,15474@303,4@36,7561
297@217,4@3,52002@306,72@36,8171
300@218,66@3,08719@310,6@37,6611
302@219,68@2,9861@315,18@38,973
305@222,14@3,15086@318,18@39,0129
308@225,02@3,54973@322,56@39,46
311@227,36@3,94965@325,5@39,5483
314@233,16@4,41434@331,32@39,4181
317@250,26@1,59021@332,84@32,8352
320@252,6@2,84605@334,2@32,3805
322@253,6@2,89356@335,86@32,5439
325@255,92@3,82127@339,18@32,8801
328@256,98@3,06384@339,54@32,3795
332@259,02@3,84996@341,46@32,2237
335@260,72@3,80968@341,8@31,5548
338@270@12,4063@374,9@42,2105
341@267,52@4,19764@379,74@43,1758
344@268,42@3,82623@382,9@43,8125
347@270,12@3,2589@386,36@44,2443
350@278,88@12,2338@388,12@43,0631
354@299,78@6,45422@390,9@34,8479
357@303,8@2,12363@395,88@34,5254
360@307,58@3,63248@404,68@36,3689
364@313,28@9,01374@406,74@35,7922
367@311,22@3,51973@412,5@37,5485
370@316,44@5,61184@412,94@35,9152
374@320,64@5,38405@418,76@36,278
377@321,82@4,16483@426,32@38,2839
381@325,74@5,08087@424,44@36,1144
384@329,14@6,78464@426,92@35,9297
388@332,22@5,58869@434,52@37,1464
391@334,2@4,73113@485,64@54,3611
395@354,42@7,4205@480,36@45,4177
399@377,64@2,82733@488,54@39,3599
402@381,88@5,98324@489,8@38,5279
406@381,04@1,81667@500,58@41,9896
410@388,74@4,43589@503,24@40,2304
414@393,32@4,47183@517,18@43,276
417@396,82@5,45603@517,28@42,0672
421@402,38@6,87758@523,66@42,3579
425@402,24@5,12046@536@46,1642
429@407,78@4,35718@529,12@41,6533
433@414,04@6,97967@536,96@42,349
437@418,4@10,5016@540,38@42,5758
441@454,4@14,042@552,16@35,7874
445@475,38@2,34821@571,72@32,3785
449@479,76@2,38552@626,86@49,1458
454@492,34@6,08009@634,6@47,6005
458@491,72@2,65731@636,3@47,8444
462@490,92@2,82754@644,64@50,6492
466@499,1@7,91756@644,98@48,4361
471@501,76@5,51722@655,6@50,4265
475@507,1@5,63532@661,94@50,5518
479@515,38@7,51308@663,8@48,5373
484@520,62@9,0064@675,7@50,6517
488@521,5@7,56265@678,22@50,7317
493@526,72@7,59979@690,44@52,69
497@530,84@9,94722@699,3@54,3503
502@540,38@9,3963@708,42@53,8589
507@570,44@13,0834@720,54@48,919
511@619,44@3,35223@721,34@32,0507
516@623,08@3,19874@722,46@31,1006
521@628,68@3,7146@724,42@29,8909
526@632,42@3,31668@739,66@33,2294
531@635,96@2,54597@742,26@32,7182
535@638,54@3,02773@827,54@57,8583
540@646,16@9,02104@846,72@61,6916
545@649,04@3,43803@857,64@63,2766
550@654,1@2,60506@864,26@63,4192
556@664,22@7,46775@871,06@62,4751
561@686,08@16,6415@882,76@61,0297
566@682,96@10,2017@888,1@61,8191
571@686,72@10,6225@895,18@62,5944
576@695,34@9,96933@903,92@62,2569
582@700,48@10,219@914,22@63,4763
587@699,24@11,2125@924,1@66,5773
593@706,78@9,85344@921,16@63,0254
598@724,6@14,1606@935,4@62,5776
604@751,06@17,5557@940,48@57,2573
609@843,22@3,65341@968,36@36,0425
615@853,36@4,23603@980,06@36,3738
621@858,42@3,85489@983,58@35,723
626@868,2@4,99361@990,52@34,9285
632@872,98@3,7066@1008,26@38,2306
638@880,06@4,89495@1020,38@39,5859
644@886,22@4,26246@1016,32@36,5007
650@892,4@3,91918@1029,44@38,2096
656@898,74@3,44017@1050,82@42,1268
662@904,78@3,84609@1077,78@47,7
668@911,08@3,31881@1220@84,5819
674@922,48@3,17082@1230,72@84,0144
681@940,6@10,9621@1244,32@83,024
687@946,44@10,9919@1253,92@83,6765
693@957,54@13,5925@1276,88@86,8474
700@972,44@14,4318@1277,12@82,6982
706@981,38@14,7291@1290,4@83,546
713@991,9@14,8064@1303,84@83,9224
719@999,46@17,5857@1315,6@85,2027
726@1015,14@20,4062@1318,08@82,0783
733@1146,54@26,9253@1351,64@59,9534
739@1217,6@4,77703@1348,56@34,3978
746@1233,92@4,61837@1364,48@34,1148
753@1243,52@6,85464@1370,96@33,547
760@1251,28@4,48008@1385,36@34,6814
767@1261,36@4,33588@1416,68@39,8929
774@1271,52@4,89535@1416,34@37,1322
781@1279,2@4,54428@1464,52@47,1099
789@1289,28@5,43542@1445,48@39,6952
796@1302@5,30194@1468,06@41,9555
803@1306,24@4,12584@1478,02@43,0628
811@1319,68@4,81608@1499,44@44,8933
818@1328,32@3,83442@1508,76@44,7754
826@1340,16@4,99863@1517,84@44,0002
834@1393,4@71,0348@1542,42@79,858
841@1366,56@4,52767@1557,6@46,8008
849@1387,52@20,6702@1557,86@46,2177
857@1399,5@17,1556@1872,28@115,478
865@1414,88@17@1918,28@122,217
873@1432,92@20,3856@1930,7@120,86
881@1460,86@27,3757@1958,62@121,7
889@1472,36@27,3922@1977,76@122,949
897@1480,6@26,8689@1984,54@121,974
906@1495,86@28,0687@1999,24@121,54
914@1501,62@22,8772@2028,3@125,292
922@1541,48@34,5134@2038,16@120,703
931@1821,78@35,646@2059,18@65,5547
940@1904,34@7,32245@2076,02@40,2664
948@1920,14@5,8248@2122,66@46,8736
957@1951,58@12,4904@2116,04@39,6122
966@1962,04@6,32275@2141,28@41,2658
975@1992,82@9,75775@2163,72@39,9124
984@2020,12@8,28882@2189,98@39,1763
993@2033,18@7,14738@2209,98@40,3115
1002@2049,38@5,42944@2223,58@39,2904
1012@2069,76@9,44231@2259,18@43,1495
1021@2076,52@5,79494@2262,66@41,5975
1030@2091,64@6,77843@2267,24@39,2786
1040@2112,14@9,36791@2290,04@40,1163
1050@2130,84@6,60467@2308,28@39,2798
1059@2143,98@7,752@2324,06@39,8898
1069@2156,78@5,32627@2354,78@43,1514
1079@2187,72@9,2451@2359,94@38,2084
1089@2204,44@7,08588@2442,64@51,5298
1099@2221,88@6,28221@2485,34@56,5455
1109@2237,28@6,29426@2514,04@59,1016
1120@2253,58@7,65472@2496,64@51,9231
1130@2274,98@6,24195@2538,72@55,8282
1140@2316,44@31,0767@2580,74@63,4788
1151@2341,96@31,6888@2617,4@65,5735
1162@2366,12@31,1036@2651,58@66,8863
1172@2380,98@30,9674@3364,38@205,466
1183@2420,08@41,1481@3422,56@210,163
1194@2436,56@31,6689@3444,16@208,609
1205@2505,14@54,6931@3489,14@207,769
1216@2506,3@42,1725@3510,5@207,95
1228@2545,12@51,1482@3550,84@209,284
1239@2766,24@82,3303@3569,26@181,11
1251@3374,08@10,8925@3614,96@49,3732
1262@3407,1@8,67874@3640,46@47,2534
1274@3438,4@11,109@3672,44@47,6773
1286@3463,94@9,83933@3705,7@48,6753
1298@3499,18@11,4025@3737,18@48,0831
1310@3524,76@10,8751@3760,06@47,2385
1322@3541,88@9,22173@3789,6@49,0506
1334@3573,82@8,88159@3809,34@46,4538
1346@3592,12@10,429@3845,3@49,8989
1359@3670,7@27,1082@3871,04@47,0269
1371@3651,4@9,94844@3900,14@48,5326
1384@3686,44@12,6197@3927,84@47,5871
1397@3714,06@8,3271@3977,04@50,4439
1410@3770,04@20,5882@4009,04@49,4918
1423@3795,54@15,6319@4040,88@48,5728
1436@3835,34@10,611@4089,12@48,5292
1449@3858,02@10,4633@4117,56@49,3343
1463@3889,5@10,1024@4151@49,3874
1476@3934,98@17,3264@4195,02@50,9007
1490@3972,48@7,88485@4235,8@48,8767
1504@4007,7@11,8519@4273,5@49,8918
1518@4035,1@9,65568@4305,4@49,9976
1532@4084,74@16,1131@4364,14@52,9851
1546@4102,56@12,5768@4380,12@51,4758
1560@4128,46@8,40644@4400,78@49,4725
1575@4176,3@13,1248@4453,92@51,1763
1589@4229,46@17,8076@4495,46@50,4335
1604@4255,36@9,4333@4544,9@51,9832
1619@4290,6@9,82597@4574,56@50,8603
1634@4319,7@9,87314@4722@71,0627
1649@4350,52@10,1314@4642,42@51,8285
1664@4391,26@11,2807@4762,24@65,289
1680@4420,78@9,23807@4762,16@59,6138
1695@4518,5@76,6951@4910,54@102,058
1711@4491,78@8,88351@4888,32@68,3667
1727@4525,18@8,59672@4925,32@68,6255
1743@4572,32@10,3945@5021,64@76,8079
1759@4613,12@9,20493@5009,6@67,4765
1775@4764,14@97,815@5107,02@113,488
1792@4751,08@68,4067@5205,22@102,147
1808@4970,1@135,812@5193,38@140,797
1825@4874,72@96,3927@5252,86@114,931
1842@5046,84@131,692@7594,5@439,915
1859@5019,7@114,555@7659@447,749
1876@5086,54@129,796@7710,5@447,609
1894@5120,64@116,273@7783@447,929
1911@5212,22@129@7882@450,703
1929@7567,5@17,3819@7949,5@63,9101
1947@7684@28,7423@8034@63,0237
1965@7747@21,9101@8107,5@61,538
1983@7824,5@21,0583@8205,5@64,0592
2001@7871,5@23,3395@8251,5@64,4432
2020@7954@20,3825@8310@59,6026
2038@8093@41,3451@8404@63,8933
2057@8108@18,1055@8492,5@62,6211
2076@8173@19,8416@8548@61,4867
2096@8262,5@19,7529@8632@60,3912
2115@8332@20,6576@8710@61,6815
2135@8393@21,791@8800,5@66,0587
2154@8446@15,8217@8860,5@65,1037
2174@8537,5@19,3657@8935@63,3169
2195@8592@18,7059@9026,5@68,1936
2215@8688@20,4526@9120@68,0517
2235@8765,5@18,7246@9203@68,0634
2256@8878@22,9506@9294,5@66,1167
2277@8945@19,2498@9436,5@75,3337
2298@9019,5@19,6423@9466@68,7281
2319@9087@19,6761@9521@66,6956
2341@9186,5@21,593@9623@67,3478
2363@9306@18,2346@9768@69,6339
2384@9352,5@18,5497@9807@68,3851
2406@9462@25,3328@9916@70,1792
2429@9553@23,0858@9983@65,8715
2451@9612@17,7279@10092@70,8124
2474@9702@17,1015@10186@70,9001
2497@9766@22,3714@10251@72,1847
2520@9848@17,235@10351,5@72,9866
2543@9969,5@19,7095@10505@77,6318
2567@10075,5@18,6003@10565,5@70,8706
2591@10173@18,2297@10667,5@71,0715
2615@10252,5@16,8965@10763,5@72,6515
2639@10346,5@13,4867@10853@71,0105
2663@10431@16,2645@10924@69,4836
2688@10527@21,1161@11022@70,7365
2713@10596@20,4691@11118,5@73,827
2738@10700,5@16,3632@11233@73,7965
2763@10778@17,1567@11291,5@71,176
2789@10959@54,2962@11416,5@81,8562
2815@10979@15,1716@11522,5@74,0063
2841@11061,5@16,2236@11658,5@80,8443
2867@11166,5@16,6993@11714@74,2062
2894@11296@20,7346@11854,5@76,2827
2921@11372@13,8096@11939@75,4571
2948@11497@15,4319@12039,5@72,3171
2975@11608,5@23,5648@12143@73,1903
3002@11684,5@17,2169@12232,5@72,7884
3030@11771@14,4674@12361@77,1591
3058@11920@36,082@12486@80,8697
3087@12027,5@19,923@12569@71,7373
3115@12083,5@17,0521@12672,5@76,5463
3144@12224,5@23,9646@12779@73,9195
3173@12261,5@14,0657@12893@80,5108
3203@12441,5@19,6918@13010,5@73,7685
3232@12586,5@27,8761@13140,5@74,3314
3262@12669,5@19,6467@13243,5@73,7306
3292@12792@18,9771@13378,5@74,7305
3323@12917,5@26,9182@13491@75,3224
3354@13040,5@18,6161@13644,5@76,0597
3385@13160,5@17,8113@14093,5@114,784
3416@13285,5@18,6359@13869@73,0123
3448@13387@16,17@14645@152,35
3480@13485,5@17,2882@14143@80,6857
3512@13637,5@16,0887@14597@115,611
3544@13768,5@18,9004@14755@118,69
3577@14515@390,796@15505@407,948
3610@14331@272,107@15648,5@313,184
3644@14458,5@273,78@16095,5@334,253
3678@15227,5@453,891@15633,5@456,352
3712@14714@271,896@16073,5@314,361
3746@15148,5@369,58@16157@387,511
3781@15651@456,732@30328@1748,5
3816@15768,5@448,473@30662@1762,82
3851@16215,5@505,012@30936@1751,71
3887@29962,5@248,903@31208@286,195
3923@30500@59,2243@31572@134,738
3959@30724@47,6028@31828@132,887
3996@30998@47,1134@32066@128,42
4033@31314@50,7328@32422@133,394
4070@31702@114,297@32642@154,657
4108@31910@54,9076@32982@130,392
4146@32140@46,5915@33290@134,61
4184@32520@54,7024@33594@129,525
4223@32864@97,4396@33890@148,183
4262@33034@45,316@34194@133,565
4302@33430@54,4722@34522@129,718
4341@33732@47,1945@34880@131,936
4382@34114@96,611@35150@146,902
4422@34408@56,14@35478@126,875
4463@34746@65,0827@35816@130,623
4505@34974@58,308@36110@133,127
4546@35384@54,5493@36608@139,476
4588@35700@49,9346@36924@137,188
4631@35976@43,0715@37242@138,419
4674@36288@52,0705@37482@134,023
4717@36616@53,3928@37820@134,969
4761@37076@127,694@38204@172,245
4805@37340@50,43@38636@141,496
4849@37752@54,0479@38962@134,232
4894@38014@59,0765@39300@142,78
4940@38386@58,5593@39668@141,648
4985@38700@45,6316@39998@137,771
5032@39052@53,243@40376@142,313
5078@39508@82,1587@40756@148,613
5125@39930@48,5195@41224@136,712
5173@40242@51,2398@41560@139,341
5221@40676@52,2821@42126@151,223
5269@41010@49,2205@42374@141,696
5318@41496@50,5688@42806@136,719
5367@41814@54,9068@43126@138,026
5417@42232@66,768@43652@151,887
5467@42640@61,7115@44000@143,96
5517@42998@58,6072@44306@137,623
5569@43486@145,193@44782@190,161
5620@43698@53,44@45156@147,541
5672@44036@51,9968@45544@150,831
5725@44438@47,9042@46002@153,812
5778@44878@51,9035@46382@149,226
5831@45294@44,232@46870@152,494
5885@45746@43,9437@47216@142,444
5940@46234@72,1393@47668@150,045
5995@46632@53,1082@48102@144,371
6050@47056@45,2051@48658@152,491
6106@47492@70,9036@49188@169,06
6163@47876@47,0641@49670@168,303
6220@48374@47,0961@50010@154,056
6278@48882@51,5355@50512@154,325
6336@49300@41,3625@50948@152,129
6394@49770@41,8246@51468@155,87
6454@50294@45,0324@52002@156,934
6513@50708@54,993@52282@148,471
6574@51168@61,1829@52744@150,447
6635@51692@66,4492@53214@147,892
6696@52272@53,9658@53728@136,902
6758@52464@47,5428@54226@158,841
6821@53048@61,6976@54818@163,621
6884@53388@41,0722@55212@160,784
6948@53856@42,7252@55694@161,667
7012@54318@43,0143@56146@160,243
7077@55076@50,6161@56700@145,586
7143@55424@41,2787@57312@163,264
7209@55898@42,4159@57736@158,839
7275@56486@46,7797@58292@156,86
7343@56936@52,8568@58796@162,33
7411@57388@40,2274@59328@164,348
7480@58090@48,6791@59916@157,027
7549@58394@40,1154@60548@179,833
7619@59148@42,8736@60990@155,257
7689@59584@51,9201@61548@166,67
7761@60112@51,0586@62096@167,231
7832@60584@52,9604@62728@179,306
7905@61352@45,8041@63226@155,92
7978@61850@54,8534@63786@162,785
8052@62424@64,6278@64514@176,921
8127@62894@55,8481@65026@176,306
8202@63512@48,7503@65628@172,254
8278@63980@45,237@66300@185,894
8355@64844@41,9786@66854@161,059
8432@66350@96,6622@67392@125,626
8510@65716@40,974@67976@178,012
8589@66640@119,152@68578@189,899
8668@66942@42,9928@69194@176,359
8749@67612@51,62@69780@171,832
8830@68202@45,3373@70524@180,516
8911@68804@59,7748@71032@177,274
8994@69372@45,6719@71646@175,594
9077@70084@66,7533@72472@189,389
9161@70594@39,4651@72990@181,357
9246@71408@63,3419@73710@180,746
9332@72000@38,6218@74448@183,303
9418@72680@52,1364@75030@178,989
9506@73296@45,5224@75734@182,581
9594@74086@52,6752@76482@180,813
9682@74810@57,5484@77202@181,273
9772@75474@71,5281@77882@186,507
9863@76254@77,4899@78958@207,534
9954@77076@64,5468@79320@171,64
10046@77386@44,4626@80050@193,129
10139@78122@51,4949@80750@191,599
10233@78756@39,6693@81440@191,762
10328@79518@77,1376@82374@213,163
10424@80438@52,5243@83000@185,049
10520@80952@39,9439@83636@189,3
10618@81780@45,5394@84480@190,794
10716@82538@46,1243@85328@196,08
10815@83166@36,908@86082@201,677
10915@84100@52,058@86942@199,272
11016@84874@53,6404@87670@195,858
11118@85542@50,1139@88568@209,024
11221@86994@80,1524@89302@173,668
11325@87286@38,0545@90262@201,37
11430@88248@76,5763@91048@200,399
11536@88958@60,7553@91916@203,997
11643@89826@38,7871@92702@192,419
11751@90754@53,9829@93606@193,71
11860@91614@56,4404@94534@197,817
11970@92106@43,7088@95190@204,057
12080@93406@122,909@96060@210,383
12192@93760@35,448@97054@213,904
12305@94660@50,8202@97852@209,724
12419@95598@45,3043@98764@205,933
12534@96490@40,9565@99668@204,857
12650@98150@110,559@100658@192,575
12768@98430@114,621@101598@228,998
12886@101482@125,98@102588@143,588
13005@99944@35,7091@103286@210,276
13126@100826@44,9458@104358@222,577
13247@101676@36,9347@105262@223,386
13370@103744@109,306@106272@189,335
13494@103712@57,072@107130@215,745
13619@104602@45,3343@108170@220,893
13745@105496@37,4518@109114@221,404
13872@107326@108,975@110178@202,961
14001@107730@47,6316@111290@218,01
14130@109576@119,45@112304@201,5
14261@109696@37,1663@113590@233,548
14393@110806@56,156@114414@219,945
14527@111780@45,6853@115366@215,285
14661@112782@45,6809@116486@221,08
14797@113770@39,4298@117592@225,644
14934@114818@59,1409@118770@236,196
15072@116428@72,3986@119708@202,316
15212@116920@59,7347@120740@227,006
15353@117950@55,7424@121836@228,662
15495@119942@123,888@122932@210,23
15638@119924@37,6194@124058@236,765
15783@121124@46,4621@125268@237,826
15930@122264@54,5225@126452@240,882
16077@124242@106,842@127614@216,281
16226@124958@56,8395@128832@222,435
16376@125950@48,2631@130012@229,581
16528@127372@106,771@131180@235,091
16681@128176@53,4249@132422@238,523
16836@131008@163,022@133674@218,368
16991@130384@45,1439@134808@244,198
17149@132622@121,064@136336@234,252
17308@133054@37,0543@137392@236,084
17468@134906@66,2759@138664@211,699
17630@135568@47,3991@139940@237,606
17793@136820@41,3209@141310@241,576
17958@138266@44,7314@142774@242,039
18124@140706@134,697@144104@223,6
18292@140588@44,8366@145406@255,855
18461@142282@88,6292@146942@258,205
18632@143326@43,7582@148324@262,583
18805@144730@40,7879@149638@256,343
18979@145946@43,4098@150884@257,145
19155@148998@150,733@152410@230,453
19332@150642@154,259@153828@223,717
19511@150064@43,083@155104@258,75
19692@151524@45,0084@156512@255,341
19875@153128@45,6516@158112@254,117
20059@154864@57,3764@159602@243,41
20244@155752@43,1798@161004@264,56
20432@157214@37,1115@162572@267,638
20621@158698@37,8165@164100@268,677
20812@160142@34,1432@165528@266,193
21005@161926@46,4786@167024@253,033
21200@163480@61,0057@168506@251,592
21396@164772@47,286@170036@258,825
21594@166256@53,8261@171742@269,414
21794@167636@49,1252@173466@283,533
21996@170544@255,069@175134@336,082
22200@170982@35,6748@177154@295,075
22405@172724@37,8106@178526@276,684
22613@174318@61,6457@180372@291,273
22822@175896@40,912@181838@281,118
23034@178458@111,184@183500@259,894
23247@179184@35,2264@185192@280,85
23462@181106@87,2799@186808@277,319
23680@182302@41,4526@188638@294,081
23899@184112@38,7861@190440@292,029
24120@187480@107,11@192062@234,508
24344@187924@67,7532@193914@279,794
24569@189092@40,7991@195446@289,53
24797@192574@155,743@197566@272,954
25026@193446@88,1413@199362@278,737
25258@194456@38,4509@200934@290,775
25492@196280@43,6992@203082@304,398
25728@198018@43,3523@204608@293,731
25967@199934@46,4607@206542@293,663
26207@201868@45,3125@208544@295,103
26450@203938@67,6804@210640@299,148
26695@206186@72,6045@212724@292,12
26942@208246@86,3835@216472@364,748
27192@209826@48,7095@216510@290,726
27443@212298@115,726@218970@307,405
27698@214686@97,3659@220712@273,918
27954@217804@116,1@223144@253,937
28213@219002@110,095@225362@289,495
28474@219926@54,8601@227154@307,814
28738@222772@113,357@229440@300,346
29004@223800@81,9615@231514@330,605
29273@226356@108,209@233586@317,796
29544@228488@75,7293@235686@305,646
29818@230280@71,082@237818@316,754
30094@233100@82,034@239886@288,513
30373@235396@88,962@242866@315,87
30654@237864@108,537@245638@332,2
30938@239302@86,7917@248252@370,121
31224@240996@48,133@250628@388,434
31514@243372@54,3123@253022@388,198
31806@245764@80,5477@254356@350,056
32100@249488@120,305@256844@314,258
32397@251686@104,467@259290@316,467
32697@257120@174,545@262130@262,39
33000@256574@113,967@264386@324,737
33306@260222@163,63@266556@294,964
33614@262706@163,982@269036@294,095
33926@263604@102,865@271806@331,252
34240@267644@120,997@274542@290,041
34557@268996@98,2173@276846@314,336
34877@272606@129,506@279652@296,555
35200@276474@168,972@282110@271,425
35526@276756@142,463@285112@344,333
35855@280212@133,842@287690@309,669
36187@283776@136,247@290328@279,067
36523@285468@128,361@293398@320,259
36861@288108@114,253@295640@300,011
37202@292728@149,643@298508@259,411
37547@293502@109,116@301874@324,412
37895@296774@117,022@304710@311,114
38246@299000@91,998@307096@306,843
38600@303086@130,884@309776@274,053
38957@306212@126,985@312796@267,885
39318@310350@152,336@315844@248,175
39682@313096@141,91@318492@238,383
40050@315874@172,597@321346@259,174
40421@317990@150,617@324884@285,439
40795@320550@125,002@327682@279,228
41173@323114@126,904@331236@310,184
41555@323978@83,9102@333498@340,719
41939@326140@54,0675@336984@378,309
42328@333566@150,426@339666@258,035
42720@334784@122,691@343304@316,249
43116@338408@80,8098@347832@330,941
43515@342136@98,173@352578@367,318
43918@344592@108,111@356154@404,822
44325@347848@75,0807@361168@453,624
44735@351382@102,084@365184@472,585
45150@355374@73,6001@368760@451,497
45568@358754@110,826@374468@532,193
45990@361690@84,8781@377446@526,404
46416@182402@29,8652@187458@168,609
46846@182984@26,7604@188996@198,226
47280@184938@26,4382@191175@204,541
47718@187507@47,9121@192529@169,476
48160@189756@49,46@194629@164,62
48606@191138@36,1282@197119@195,201
49056@192704@42,9193@197996@174,316
49510@194637@37,9592@199727@166,149
49969@196620@49,8482@201756@169,94
50432@196981@29,181@204030@223,862
50899@199999@35,5406@205903@188,427
51370@201666@20,9968@207976@197,978
51846@204297@41,1664@210022@182,492
52326@205529@42,0028@212210@210,751
52811@206665@47,9605@214063@232,632
53300@209259@36,5346@215365@190,551
53794@210784@57,2165@217404@209,779
54292@213715@59,0805@219285@179,061
54795@215597@55,2007@221672@191,633
55302@217829@60,7864@222996@166,833
55814@218255@54,6755@226357@248,584
56331@221292@52,0227@228961@234,329
56853@223498@47,7641@231359@237,966
57380@225207@45,7091@232565@221,96
57911@227405@46,7432@235514@242,813
58448@229692@59,9599@236669@212,692
58989@232229@76,3816@238792@205,775
59535@235070@74,4059@241589@203,045
60087@235899@59,4852@245619@286,63
60643@237192@45,6972@246203@262,747
61205@240032@49,8357@248229@239,528
61772@241291@39,0017@251368@289,336
62344@243788@32,2391@254061@292,708
62921@246445@51,2996@255198@252,019
63504@248135@42,7083@258401@291,211
64092@249027@31,3475@261210@341,722
64686@252623@23,1731@262574@277,629
65285@255302@41,3498@265339@280,829
65890@257689@53,6286@268236@295,447
66500@260923@248,038@270296@357,18
67116@261344@47,3496@272456@306,968
67738@265360@61,37@278215@354,605
68365@268673@68,903@278023@262,08
68998@269891@71,96@280968@306,747
69637@273094@34,1292@284687@312,512
70282@275113@63,9726@288832@371,469
70933@277765@57,6376@288868@300,364
71590@279688@47,2513@294509@394,524
72253@282073@48,6003@296865@392,144
72923@286260@83,7298@295960@267,44
73598@288603@58,4275@301837@349,853
74280@290239@35,9382@304209@364,225
74968@292499@47,3074@306974@376,804
75662@296110@44,9654@309847@355,984
76363@299727@89,9091@308992@253,553
77070@301447@44,1919@313807@317,905
77784@303524@33,3872@318036@369,443
78505@306478@32,5734@318570@306,898
79232@309275@60,5633@324087@376,987
79966@312883@89,778@324620@306,912
80706@317371@93,8494@327072@259,059
81454@319310@102,892@330726@300,975
82208@323569@91,4281@333128@252,852
82970@324491@79,036@338393@350,305
83738@326018@55,5656@341903@392,117
84514@329392@42,3401@345798@401,286
85296@331820@43,8147@347419@380,207
86086@335821@61,5318@348572@313,4
86884@340370@93,2463@353075@318,727
87689@341385@49,5019@356213@357,518
88501@345647@39,3715@361461@377,939
89320@348455@94,291@363442@366,912
90148@352989@95,7239@368814@384,789
90983@355895@92,9713@372567@401,74
91825@358766@33,4449@375875@400,634
92676@362320@79,2784@377397@359,062
93534@365686@95,9196@381084@368,707
94401@368939@91,1554@385833@399,345
95275@373247@95,2984@388952@372,185
96157@376360@81,4643@393564@400,674
97048@378562@69,7838@398910@467,105
97947@383442@78,813@399662@374,851
98854@387285@67,898@405553@416,419
99770@392596@92,6649@407186@339,509
100694@396467@74,6486@414866@416,734
101627@398352@66,9439@417579@431,696
102568@402359@77,6649@423096@464,392
103518@406638@72,2248@424930@408,448
104477@410069@73,0676@428667@413,365
105444@415703@96,7888@438631@508,571
106421@418730@73,3901@438702@439,082
107407@420382@42,6912@445505@543,73
108401@427217@81,7208@446950@431,608
109405@427322@38,9878@447475@432,591
110419@434690@86,5616@456073@463,182
111442@437383@78,7171@460755@501,278
112474@441894@78,6095@460638@402,946
113515@444569@79,1872@467948@497,013
114567@449868@95,4273@473714@507,22
115628@456570@71,9919@479780@487,986
116699@460533@81,4702@483573@483,816
117780@458960@65,3277@484565@531,592
118871@468208@76,3494@489388@441,042
119972@467480@31,794@492512@512,011
121083@473956@77,9925@498981@514,477
122204@481462@61,6838@503042@440,846
123336@482506@88,8041@510198@564,591
124479@487094@82,038@512614@518,005
125632@493145@97,0791@520718@558,572
126795@495748@86,8389@521218@513,182
127970@500465@80,2764@530317@595,507
129155@505960@74,8917@534187@560,412
130351@510699@75,8565@539462@568,413
131559@516171@93,6671@541857@509,435
132777@522201@68,7904@548639@517,632
134007@527057@76,6845@553702@520,361
135248@528480@65,5926@559182@593,951
136501@537360@72,9323@561756@472,574
137765@539909@99,1161@568884@560,828
139041@549361@75,5468@574413@481,038
140329@551426@95,0053@577102@493,886
141629@559778@83,3863@583080@445,697
142940@561648@98,2429@587876@500,28
144264@376598@40,3782@395000@344,957
145601@380578@53,5711@400218@367,861
146949@385606@46,4238@403278@329,267
148310@389069@68,6465@406914@334,763
149684@391563@71,166@410250@348,877
151070@395250@54,9328@414531@355,055
152470@397522@55,6483@417834@372,014
153882@402955@66,8747@422647@361,206
155307@405840@61,7244@425523@358,515
156746@412560@59,5608@431283@339,654
158197@410693@24,9136@434743@428,289
159663@417642@48,2011@438804@377,579
161141@422846@60,8982@441477@333,795
162634@425025@59,9358@447008@390,086
164140@431245@65,8727@450978@350,643
165661@435336@34,4328@456968@377,397
167195@441820@54,1361@459269@306,571
168744@443564@47,7237@464636@365,85
170307@447718@75,1406@469006@372,428
171884@452636@48,3427@472734@346,177
173476@341506@30,2956@359086@299,992
175083@343864@48,3878@362088@311,747
176704@347512@47,8737@364916@296,664
178341@349280@37,0716@368692@327,125
179993@354245@45,376@371788@295,897
181660@356296@48,3066@376924@345,618
183343@361290@43,8276@380404@318,685
185041@362636@42,1379@383462@344,931
186755@364984@39,0142@386746@358,219
188484@368475@40,1421@391012@369,254
190230@373673@44,9729@394318@337,72
191992@375420@44,3781@397716@362,542
193770@381064@36,41@401970@337,777
195565@383256@35,5899@406228@369,027
197376@385784@33,4857@408432@362,029
199205@388712@18,8119@413583@394,486
201050@397286@35,6729@416903@311,419
202912@399704@39,987@421908@350,834
204791@403394@42,226@425732@351,584
206688@406711@49,7833@430886@379,294
208602@408962@43,3966@433626@384,297
210535@410316@18,5467@438229@430,559
212485@414610@18,1581@442300@425,14
214453@419722@32,9645@446674@412,849
216439@422008@18,1155@449798@422,771
218444@427274@40,8707@454896@419,892
220467@432914@43,1062@459102@396,729
222509@435034@42,9512@463468@428,386
224570@437822@17,3136@468002@450,66
226650@442216@27,5095@472372@448,751
228749@446594@31,4251@477263@454,505
230868@450326@20,6695@481660@461,574
233006@457362@43,198@486770@432,959
235164@466159@204,353@490764@412,892
237342@466253@50,3336@495036@420,795
239541@472081@31,6545@500674@414,303
241759@475175@41,2654@505058@431,736
243999@478886@41,3717@510306@451,683
246259@485152@27,0073@513819@409,379
248539@490267@51,5361@519490@417,68
250842@395787@35,0453@419262@333,274
253165@396715@31,478@423591@379,005
255510@400876@33,8866@427709@376,891
257876@405820@32,735@431176@354,573
260265@406816@11,4731@434712@386,832
262675@411790@30,6522@439242@379,986
265108@416557@31,5199@444148@380,226
267564@418341@10,8643@448365@410,574
270042@422622@14,0269@452489@406,651
272543@428320@33,5932@456439@382,343
275068@432433@32,5185@461305@390,623
277615@439473@221,45@465374@412,15
280187@439231@26,9552@470200@414,582
282782@446532@24,2343@474415@371,559
285401@447383@26,4281@478033@406,544
288044@451172@25,2821@483816@430,822
290712@457934@34,3626@488330@400,108
293405@459086@21,4404@493010@443,365
296123@465833@34,8008@497574@413,916
298865@471652@68,9997@501947@397,875
301633@395004@32,7071@422643@357,355
304427@399699@33,3416@427376@356,264
307247@404136@44,025@433199@373,358
310093@408803@88,3918@435099@345,407
312965@410211@30,8618@439276@368,668
315864@412405@26,8577@444057@399,146
318789@419373@35,655@447846@358,37
321742@424240@23,0328@452983@359,056
324722@424573@26,7935@456340@395,096
327729@429647@66,5398@460751@389,909
330765@434646@33,6276@467704@407,838
333829@439487@32,5871@470433@380,137
336921@443696@28,9218@475215@385,05
340041@447103@37,5476@480237@403,536
343191@451360@42,4649@484352@400,48
346369@455582@39,4541@489371@407,88
349578@462037@22,9119@494123@384,408
352815@465552@29,854@499146@401,041
356083@470609@28,6721@504059@397,406
359381@472868@39,7329@510127@441,273
362710@479820@25,2941@515754@422,667
366070@479351@35,369@518860@463,095
369460@486113@28,6675@523744@438,708
372882@492597@23,896@530581@440,486
376336@494006@65,0387@534095@466,64
379822@499057@42,2158@539069@461,018
383340@506861@23,2572@544276@427,947
386890@508693@36,4094@549492@465,23
390474@514862@38,9741@555085@456,821
394090@517781@40,7861@560434@482,159
397740@521924@40,3452@565676@492,198
401424@525682@36,2032@570693@503,649
405142@530149@38,0132@575666@507,086
408895@537309@40,618@584571@524,21
412682@539300@32,4778@588468@542,176
416504@548130@39,2525@592316@485,72
420362@554926@30,3795@598999@481,624
424256@559509@42,8523@605137@497,189
428185@561866@44,9571@610378@526,146
432151@569727@38,4591@615451@493,32
436154@574782@35,6994@622500@512,162
440194@580729@85,4674@627061@501,141
444271@583749@44,1626@636228@558,485
448386@590346@36,0383@639078@515,868
452539@594261@43,8769@646650@552,423
456730@598742@37,6206@652031@558,822
460960@608103@22,7747@657673@516,77
465230@611919@31,6993@664100@541,886
469539@615904@36,6956@671673@576,664
473888@533052@36,9977@579709@480,673
478277@537206@36,0935@586292@503,188
482707@541128@29,4431@591482@513,316
487178@551970@104,217@598041@478,228
491690@551492@33,9871@602613@516,637
496244@558473@37,9808@608415@502,74
500841@560163@20,2399@618709@585,32
505480@568833@20,2443@621615@525,341
510162@574683@24,7804@631735@565,352
514887@580588@24,4806@636800@554,47
519656@587072@28,7553@643341@552,698
524469@592255@58,9665@650085@567,724
529327@600996@70,9152@654273@522,634
534229@601926@43,0386@661906@581,863
539177@605660@38,271@670964@630,034
544171@537892@34,4997@587987@481,432
549212@539457@27,3667@593488@516,256
554299@552951@75,472@600350@456,452
559433@550360@38,817@604513@513,428
564614@557052@72,5288@610115@504,583
569844@559693@35,3061@616015@528,756
575122@568683@35,8874@621430@493,119
580449@570360@34,9535@628051@536,584
585825@578036@36,0272@634869@526,284
591251@581412@33,1105@639832@538,248
596727@587020@36,0516@653739@611,79
602254@595438@32,6616@660072@589,829
607832@605433@33,7189@663534@528,034
613462@607964@30,1713@667349@536,983
619144@614074@30,2337@674219@541,334
624879@620929@26,8826@681696@544,231
630667@625794@31,3517@687942@554,248
636508@629578@31,5668@694310@574,589
642403@633453@19,978@700816@594,631
648353@638154@29,4056@709016@622,978
654359@643024@33,3595@713707@618,763
660419@650090@17,0439@723250@636,803
666536@655105@30,4636@727341@626,389
672710@659390@25,2193@734836@650,933
678941@665308@23,2679@740983@649,83
685229@673002@49,1448@748179@644,055
691576@680382@40,3205@758665@666,849
697981@684578@24,4071@764903@680,289
704446@693298@29,9322@770078@647,555
710971@697832@36,596@776892@664,012
717556@704716@37,65@784532@667,324
724202@712508@32,3522@793943@677,425
730910@717949@35,2199@802698@701,834
737680@727372@32,6803@808538@669,026
744512@730960@36,8868@816772@704,198
751408@736753@34,6026@824203@714,192
758368@746799@32,2333@831742@690,469
765392@751660@41,0582@839481@710,997
772481@759559@40,6654@847518@708,818
779636@766712@35,4307@856664@721,233
786857@777283@27,2779@865048@700,146
794145@784263@34,0744@872802@703,363
801501@792252@29,6216@882220@711,204
808924@795261@51,1776@890342@749,277
816417@805758@36,9739@898008@722,882
823979@813048@36,8013@909257@750,358
831610@826746@32,1516@918860@714,972
839313@835535@30,1181@928044@714,644
847087@838592@38,3368@937319@759,468
854933@849689@31,6282@946344@739,843
862851@854933@37,058@954189@756,475
870843@862139@35,8309@962810@763,654
878909@871113@34,3597@973522@773,182
887050@879497@35,8157@983967@785,155
895266@889163@33,4689@993104@777,497
903558@896441@39,8919@1,00289e+06@792,835
911927@905579@34,0128@1,01177e+06@787,06
920373@815515@194,829@906564@698,791
928898@821060@24,378@914604@686,738
937502@742806@33,7065@832350@654,804
946185@750308@28,3892@840378@655,372
954949@757584@39,6919@848085@656,064
963793@695019@26,6935@779290@607,557
972720@701597@24,5839@786142@606,651
981730@708703@22,6133@793633@606,53
990823@712151@25,5598@801886@637,968
1000000@720704@25,7103@810340@634,346
